username,content,timestamp,replies,retweets,likes,url
@sandeep_PT,"New India yayy!!
Open corruption yayy!!

#IllegalMining",2025-09-05T10:00:03.000Z,0,0,0,https://x.com/sandeep_PT/status/1963904955128922117
@SAPoliceService,"#sapsGP A joint op between SAPS Magaliesberg & Search and Rescue K9 units led to the arrest of 6 illegal miners at Protea Mine, Blaauwbank on 24/10. 4 rifles, 343 rounds & mining equipment recovered. Suspects to appear in court soon. #FightingCrime #IllegalMining",2025-10-25T09:43:43.000Z,0,0,0,https://x.com/SAPoliceService/status/1982020236330070249
@moliticsindia,"""अवैध खनन पर अंजना कृष्णा का एक्शन, दबाव में नहीं झुकीं IPS अफसर!""
बहादुरी की मिसाल बनीं अंजना कृष्णा, सोशल मीडिया पर लोग कर रहे तारीफ!

वीडियो - 
@Mridulyadavin
 

#Illegalmining #anjanakrishna #AjitPawar",2025-09-05T11:25:42.000Z,0,0,0,https://x.com/moliticsindia/status/1963926510106296577
@MyVadodara,"Viral Video of Maharashtra's Dy CM threatening IPS Officer for taking action against illegal Mining !

#Maharashtra #illegalMining #Ajitpawar",2025-09-05T09:14:02.000Z,0,0,0,https://x.com/MyVadodara/status/1963893372910793157
@BastarDistrict,"बस्तर प्रशासन की सख़्त कार्रवाई 
ग्राम बनियागांव में अवैध रेत उत्खनन करते 6 वाहन (5 टिप्पर, 1 पोकलेन) जब्त।
कलेक्टर श्री हरिस एस के निर्देश पर खनिज विभाग की त्वरित कार्यवाही।

#Bastar #IllegalMining  #Jagdapur",2025-10-29T17:57:57.000Z,0,0,0,https://x.com/BastarDistrict/status/1983594165108928573
@SAPoliceService,"#sapsMP 2 Suspects, aged 29 and 33, arrested for possession of explosives at a guest house in New Village, Barberton on Sunday, 29/09.

Preliminary information suggests that the explosives may have been  intended for use in #IllegalMining activities. Duo are expected to appear",2025-09-29T08:21:49.000Z,0,0,0,https://x.com/SAPoliceService/status/1972577542176481651
@SANewsUP,"राठ, 28 अक्टूबर: गडहर घाट में मझगवा थाना पुलिस के संरक्षण में हो रहा बालू का अवैध खनन। बालू भरते वक्त ट्रैक्टर-ट्रॉली पलटने से एक महिला की मौत,युवती घायल। जनता पुलिस पर भरोसा करे भी तो कैसे?
#sanewsup #viral #trendingpost
#hamirpur #UttarPradesh #IllegalMining #policecarelessness",2025-10-28T14:49:40.000Z,0,0,0,https://x.com/SANewsUP/status/1983184397378695479
@_ArriveAlive,"Two arrested for possession of gold-bearing material
tinyurl.com/249lrjv8

#ArriveAlive #IllegalMining 
@SAPoliceService",2025-09-11T12:33:15.000Z,0,0,0,https://x.com/_ArriveAlive/status/1966117834699977131
@_ArriveAlive,"Frances Baard District clamps down on illegal mining activities
tinyurl.com/2yjq9uv3

#ArriveAlive #IllegalMining 
@SAPoliceService",2025-09-21T12:40:59.000Z,0,0,0,https://x.com/_ArriveAlive/status/1969743661849342290
@SAPoliceService,"#sapsHQ [HAPPENING NOW] Acting Provincial Commissioner Lt Gen Asaneng: “I’m here to enforce the law, not negotiate with criminals. We’ve moved past planning, we are at combat approach. Lawlessness will not be tolerated.” #IllegalMining SG",2025-10-10T13:17:49.000Z,0,0,0,https://x.com/SAPoliceService/status/1976638300925628793
@_ArriveAlive,"Illegal mining sites raided in the Boksburg Area 
tinyurl.com/2asflcej

#ArriveAlive #IllegalMining 
@City_Ekurhuleni",2025-10-03T09:07:49.000Z,0,0,0,https://x.com/_ArriveAlive/status/1974038671545241798
@SAPoliceService,"#sapsHQ [HAPPENING NOW]
Tension and hope fill Tlhatlhaganyane Village near Sun City in the North West as crowds gather, men, women & youth ready to speak out on #illegalmining, poverty & loss.

DM Dr Polly Boshielo, Lt Gen Asaneng & Maj Gen Scott head to the sites to see the",2025-10-10T10:39:46.000Z,0,0,0,https://x.com/SAPoliceService/status/1976598526537736593
@BastarDistrict,"अवैध खनन पर प्रशासन की सख्त कार्रवाई!
बस्तर में चुना पत्थर और रेत के अवैध परिवहन में शामिल
12 वाहन — जब्त 
 “अवैध खनन पर रोक हमारी प्राथमिकता है।” – बस्तर प्रशासन
#Bastar #Jagdapur #IllegalMining",2025-09-30T04:12:30.000Z,0,0,0,https://x.com/BastarDistrict/status/1972877186617979161
@SAPoliceService,"#sapsFS Vala Umgodi Operators have intensified efforts to dismantle #IllegalMining activities in the Lejweleputswa area. Over the past week, joint  op with mine security led to the arrest of more than 80 suspects  and the confiscation of significant illegal mining equipment and",2025-09-13T17:28:43.000Z,0,0,0,https://x.com/SAPoliceService/status/1966916966989631733
@tv3_ghana,"From gold to guns: The looming crime ripple effect of Ghana’s galamsey crackdown 
3news.com/news/crime/fro
… #Ghana #Galamsey #IllegalMining",2025-10-12T13:56:17.000Z,0,0,0,https://x.com/tv3_ghana/status/1977372756925964462
@Channel247News, “We have no choice but to drink from gutters and streams.” — Agona East residents lament as illegal mining activities trigger a severe water crisis in the area.  #GalamseyImpact #WaterCrisis #AgonaEast #Channel247 #galamsey #illegalmining,2025-10-20T17:48:01.000Z,0,0,0,https://x.com/Channel247News/status/1980330177885602133
@bstvlive,"हमीरपुर: अवैध मौरंग खनन ने ली महिला की जान

नदी से मौरंग लेकर निकली ट्रैक्टर ट्रॉली पलटी
महिला मजदूर की मौत, एक गंभीर घायल
धसान नदी के किनारे अवैध मौरंग खनन
मझगवां के गढ़हर-खरवाच में अवैध खनन
स्थानीय पुलिस की मिलीभगत से अवैध खनन
 
 #HamirpurMiningAccident #IllegalMining",2025-10-27T04:01:06.000Z,0,0,0,https://x.com/bstvlive/status/1982658789250662768
@JammuTribune,"Awantipora Police Seized   06 Tractors involved in illegal transportation of minerals in Tral.
#AwantiporaPolice #Tral #IllegalMining #MineralSeizure #JammuAndKashmir",2025-10-11T04:34:52.000Z,0,0,0,https://x.com/JammuTribune/status/1976869083712045373
@KarachiPolice_,"ضلع ملیر پولیس کی ملیر کینٹ میں کارروائی، غیر قانونی ریت بجری کھدائی و ترسیل میں ملوث ملزم فرید گرفتار، ڈمپر قبضے میں لے کر مقدمہ درج۔

#KarachiPolice #KarachiUpdates #SafeKarachi #IllegalMining #CrimeReport",2025-09-28T10:17:27.000Z,0,0,0,https://x.com/KarachiPolice_/status/1972244255432491370
@Bharat24Up,"मुरादाबाद में हाईवे पर अवैध मिट्टी खनन का खुला खेल
दिन-रात दौड़ रहे ओवरलोड डंपर, प्रशासन बना मौन दर्शक

#MoradabadNews #HighwayLoot #IllegalMining #Bharat24Digital
@moradabadpolice
 @DMMoradabad
 @MinesMinIndia
 @MohdAalim0786
 @AhteshamFIN
 @Uppolice",2025-10-01T03:27:54.000Z,0,0,0,https://x.com/Bharat24Up/status/1973228351897964665
@SAPoliceService,"#sapsMP 7 Suspects, aged between 15 and 43, were arrested on Saturday, 20/09, by multidisciplinary teams deployed under Operation  Vala Umgodi in ithe Pilgrim's Rest area. 

During the operation, police also discovered abandoned #IllegalMining equipment.

The arrested suspects",2025-09-22T06:44:35.000Z,0,0,0,https://x.com/SAPoliceService/status/1970016357715452148
@SAPoliceService,"#sapsMP Four suspects, aged between 23 and 28, were arrested today, 14/09, in Barberton by team members deployed under Operation Vala Umgodi in  Mpumalanga. During the op, equipment believed to have been used for #IllegalMining activities, were seized.

The suspects were charged",2025-09-14T19:39:22.000Z,0,0,0,https://x.com/SAPoliceService/status/1967312236097212467
@SAPoliceService,#sapsNC [WATCH] Operation Vala Umgodi in the Northern Cape has made a significant breakthrough in the effort to dismantle #IllegalMining activities in the Francis Baard and Namakwa districts. Large quantities of mining equipment were confiscated. NP,2025-09-22T13:42:40.000Z,0,0,0,https://x.com/SAPoliceService/status/1970121573693833587
@news21national,"#Basti : अवैध मिट्टी खनन में पुलिस-खनन विभाग की मिलीभगत बेनकाब

#Breakingnews #NewsUpdate #LatestUpdates #News21National #BastiNews #IllegalMining #PoliceNegligence 
@bastipolice",2025-10-09T02:55:22.000Z,0,0,0,https://x.com/news21national/status/1976119265997795333
@SANewsRajasthan,"जोधपुर रामदेवरा जा रहे 3 श्रद्धालुओं की जोधपुर के गादेरी गांव में अवैध खनन से बने गड्ढे में डूबने से मौत, हाथ-मुंह धोने के लिए उतरे थे तीनों युवक
#JodhpurNews #Ramdeora #IllegalMining #RajasthanNews #DevoteesTragedy #BreakingNews",2025-08-21T05:11:57.000Z,0,0,0,https://x.com/SANewsRajasthan/status/1958396633806504059
@NewsJTamil,"போலி மணல் தயாரிப்பு நிறுவனத்திற்கு சீல்

#BreakingNews #Dindigul #FakeSand #IllegalMining #CompanySealed #CauveryProtection #TNPolitics #NewsJ #Newsjtamil",2025-08-28T12:53:05.000Z,0,0,0,https://x.com/NewsJTamil/status/1961049398030500206
@gujratsamachar,"Surendranagar જામવાળીમાં ગેરકાયદે ખનન બદલ વિઠ્ઠલ જાગાને 50 કરોડનો દંડ | Gujarat Samachar
#Surendranagar #GujaratNews #IllegalMining #MiningCase #BreakingNews #ViththalJaga #GujaratSamachar",2025-08-21T15:20:00.000Z,0,0,0,https://x.com/gujratsamachar/status/1958549655102292338
@bstvlive,"हापुड़: अवैध खनन को लेकर दो पक्षों में विवाद

पुलिस ने 3 लोगों का शांतिभंग में चालान किया
एसडीएम कोर्ट ने तीनों को भेजा जेल
थाना हाफिजपुर पुलिस ने की कार्रवाई 

#Hapur #IllegalMining 
@hapurpolice",2025-10-16T13:12:48.000Z,0,0,0,https://x.com/bstvlive/status/1978811366556229897
@jkchanneltv,"Awantipora Police Seized   06 Tractors involved in illegal transportation of minerals in Tral. 
#AwantiporaPolice #Tral #IllegalMining #MineralSeizure #JammuAndKashmir",2025-10-11T04:46:25.000Z,0,0,0,https://x.com/jkchanneltv/status/1976871990301798744
@jkmediasocial,Awantipora Police Seized   06 Tractors involved in illegal transportation of minerals in Tral. #AwantiporaPolice #Tral #IllegalMining #MineralSeizure #JammuAndKashmir,2025-10-11T04:46:47.000Z,0,0,0,https://x.com/jkmediasocial/status/1976872080017854659
@tv3_ghana,"Bayerigya: Blue Water Guards halt galamsey activities at roadside 
3news.com/news/bayerigya
… #Galamsey #IllegalMining #EnvironmentalProtection",2025-10-14T11:40:14.000Z,0,0,0,https://x.com/tv3_ghana/status/1978063293995774460
@bstvlive,"बरेली
अवैध खनन कर रहे 2 ट्रैक्टर-ट्रॉली को पकड़ा
उपजाऊ जमीन में किया जा रहा था अवैध खनन
ग्रामीणों की शिकायत के बाद खनन विभाग की कार्रवाई
फरीदपुर थाना क्षेत्र का मामला
#Bareilly #IllegalMining 
@bareillypolice",2025-09-18T09:49:28.000Z,0,0,0,https://x.com/bstvlive/status/1968613335122817349
@SAPoliceService,"#sapsMP [ILLEGAL MINING] A 62yr-old suspect was arrested on Tuesday, 09/09, during a multidisciplinary Operation Vala Umgodi team at a certain farm in Elukwatini area.

The suspect was found with #IllegalMining equipment. He was charged for illegal possession of the equipment  as",2025-09-10T05:32:51.000Z,0,0,0,https://x.com/SAPoliceService/status/1965649649819177412
@tv3_ghana,"Galamsey: Kofi Bentil and Sammy Gyamfi haggle over 85% of GoldBod’s gold purchases 
3news.com/news/galamsey-
… #Galamsey #GoldMining #IllegalMining",2025-10-11T11:00:13.000Z,0,0,0,https://x.com/tv3_ghana/status/1976966058084057411
@tv3_ghana,"Galamsey: Our gold may soon be rejected on the international market due to increasing contamination – Ken Ashigbey 
3news.com/news/galamsey-
… #Galamsey #GhanaGold #IllegalMining",2025-10-11T10:48:12.000Z,0,0,0,https://x.com/tv3_ghana/status/1976963037224747423
@SAPoliceService,"#sapsNC A joint operation from 25/08 to 26/08, led by Namakwa District Commissioner Brig Schalk Andrews, with #ValaUmgodi Task Team, BMA, #SAPS components & FS Airwing, intensified action against #IllegalMining.

On 25/08, 2 undocumented foreign nationals (25 & 27) and a",2025-08-27T17:11:58.000Z,0,0,0,https://x.com/SAPoliceService/status/1960752160850788576
@PargatSOfficial,"ਮੇਰੇ ਹਲਕੇ ਵਿੱਚ ਕਦੇ ਵੀ ਮਾਈਨਿੰਗ ਨਹੀਂ ਹੋਈ ਸੀ, ਪਰ ਆਮ ਆਦਮੀ ਪਾਰਟੀ ਦੀ ਸਰਕਾਰ ਆਉਣ ਤੋਂ ਬਾਅਦ ਚਿੱਟੀ ਵੇਈਂ ਵਿੱਚ ਗੈਰਕਾਨੂੰਨੀ ਮਾਈਨਿੰਗ ਹੋਈ — ਜਿਸ ਦੇ ਨਤੀਜੇ ਵਜੋਂ ਹੜ੍ਹਾਂ ਦੌਰਾਨ ਮੇਰੇ ਹਲਕੇ ਦੇ ਕਈ ਪਿੰਡਾਂ ਨੂੰ ਵੱਡਾ ਨੁਕਸਾਨ ਝੱਲਣਾ ਪਿਆ!

#PunjabFloods #IllegalMining",2025-10-06T13:20:57.000Z,0,0,0,https://x.com/PargatSOfficial/status/1975189536209563742
@DMPR_ZA,"We are live from the Mining Industry Engagement.
Deputy Minister Phumzile Mgcina has arrived at today’s discussions on Illegal Mining, Critical Minerals & Transformation.

#DMPR | #MiningIndustryEngagement  | #KeyIssues |#IllegalMining | #Transformation | #CriticalMinerals",2025-08-29T07:23:12.000Z,0,0,0,https://x.com/DMPR_ZA/status/1961328765247598683
@CapricornFMNews,"The Democratic Alliance in Limpopo has called for decisive action to be taken against the organised and armed #illegalmining in the Kuschke, Ysterberg, and  Eerste Goud areas between Mokopane and Polokwane.

According to the party, farmers have reported that they fear for their",2025-09-23T05:52:03.000Z,0,0,0,https://x.com/CapricornFMNews/status/1970365524761559403
@Adom1063fm,"It’s ironic how the NPP laments more than the bereaved, when in truth, the NDC has made greater strides in addressing the galamsey menace than the NPP achieved in eight full years - Mustapha Gbande, Deputy General Secretary (NDC)

#AdomFM #DwasoNsem #Galamsey #IllegalMining #NDC",2025-10-07T10:03:02.000Z,0,0,0,https://x.com/Adom1063fm/status/1975502116954513816
@tv3_ghana,"Galamsey fight has become increasingly difficult; drone technology can expose hidden miners – Inusah Fuseini 
3news.com/news/galamsey-
… #Galamsey #IllegalMining #MiningRegulations",2025-10-17T18:13:15.000Z,0,0,0,https://x.com/tv3_ghana/status/1979249363768742075
@IndiaNewsUP_UK,"हापुड़: सबली के पास अवैध मिट्टी खनन का पर्दाफाश!
 रात के अंधेरे में डंपरों से किया जा रहा अवैध खनन शहर में देर रात दौड़ रहे मिट्टी से भरे डंपर
 स्थानीय लोगों में खनन माफियाओं को लेकर आक्रोश

#Hapur #IllegalMining #Breaking #UttarPradesh
@hapurpolice
 @Uppolice",2025-10-14T03:48:02.000Z,0,0,0,https://x.com/IndiaNewsUP_UK/status/1977944460903284987
@tv3_ghana,"Galamsey: National House of Chiefs must start calling out their members who are complicit – Ken Ashigbey 
3news.com/news/galamsey-
… #Galamsey #IllegalMining #GhanaCoalition",2025-10-11T10:53:34.000Z,0,0,0,https://x.com/tv3_ghana/status/1976964384548438218
@Bizcommunity,"Gemfields'Montepuez #ruby mine invaded by illegal miners 
bizcommunity.com/article/gemfie
… via 
@Biz_Energy_
 #illegalmining #Mozambique #Gemfields",2025-10-16T12:05:03.000Z,0,0,0,https://x.com/Bizcommunity/status/1978794316349722656
@bstvlive,"हापुड़ : अवैध मिट्टी खनन पर प्रशासन का छापा

 एसडीएम ने मिट्टी से भरे तीन डंफर पकड़े
 थाना बाबूगढ़ के मतनौरा के जंगल का मामला

#Hapur #IllegalMining #Raid #SDMAction #CrimeNews 
@hapurpolice
 @DmHapur",2025-09-16T04:04:32.000Z,0,0,0,https://x.com/bstvlive/status/1967801752352330070
@colourfulradio,"Ghana is tightening visa rules for Chinese nationals amid a surge in illegal gold mining. Authorities say the move aims to protect communities and the environment from the destructive trade.

#Ghana #GoldMining #IllegalMining #Africa",2025-09-20T20:06:23.000Z,0,0,0,https://x.com/colourfulradio/status/1969493360638402908
@BCCLofficial,Say NO to illegal coal mining! Report it instantly with the 'Khanan Prahari' app. Now available on both Google Play and the App Store. Every report helps combat coal theft. Download it today and join the fight. #IllegalMining #KhananPrahari #BCCL,2025-09-03T11:43:51.000Z,0,0,0,https://x.com/BCCLofficial/status/1963206299660787730
@SAPoliceService,"#sapsHQ Nationwide #ValaUmgodioperations from 18/08 to 24/08, led to 215 arrests for #IllegalMining & serious crimes, including explosives, firearms, precious metals & Immigration Act offences. Items seized: 2 firearms & 3 vehicles. 

In addition two Mozambican nationals were",2025-08-27T16:57:39.000Z,0,0,0,https://x.com/SAPoliceService/status/1960748556329082900
@tv3_ghana,"GoldBod taskforce arrests American, Moroccan and Ghanaians for illegal gold buying 
3news.com/news/crime/gol
… #GoldTrade #IllegalMining #GhanaNews",2025-10-07T12:25:20.000Z,0,0,0,https://x.com/tv3_ghana/status/1975537926550528405
@_ArriveAlive,"Five suspects arrested in the possession of gold bearing material, during Operation Vala Umgodi in Elukwatini, Mpumalanga
tinyurl.com/2yl87z8o

#ArriveAlive #IllegalMining 
@SAPoliceService",2025-09-12T06:16:48.000Z,0,0,0,https://x.com/_ArriveAlive/status/1966385485288272183
@bstvlive,"एटा
जिला प्रशासन की अवैध खनन पर कार्रवाई
SDM, तहसीलदार ने जेसीबी, ट्रैक्टर ट्रॉली पकड़ी
JCB और ट्रैक्टर ट्रॉली को थाने में कराया बंद
जलेसर कोतवाली क्षेत्र के गांव बेरनी का मामला
#Eta #IllegalMining #ActionTaken 
@Etahpolice",2025-09-17T07:53:16.000Z,0,0,0,https://x.com/bstvlive/status/1968221703588487176
@clubOmozambique,"Mozambique: A secret nightlife seems to have been set in motion among some of Manica’s gold mining companies 

#Mozambique #Moçambique #IllegalMining #MozambiqueNews",2025-10-09T12:45:51.000Z,0,0,0,https://x.com/clubOmozambique/status/1976267868787343451
@himachalpolice," अवैध खनन पर फिर प्रहार — नूरपुर पुलिस की कार्यवाही
5 जेसीबी और 4 टिपर जब्त।
हिमाचल पुलिस का संदेश स्पष्ट —
अवैध खनन किसी भी कीमत पर बर्दाश्त नहीं। 

#NurpurPolice #IllegalMining #HimachalPolice",2025-10-29T11:37:25.000Z,0,0,0,https://x.com/himachalpolice/status/1983498401808253159
@GGA_Nigeria,"Nigeria loses $9bn yearly to illegal mining, but the real cost is deeper: poisoned rivers, destroyed farmlands, and displaced farmers.

Read 
@AfricainFact_
  full report by 
@AdejumoKabir2
africainfact.com/illegal-mining
…

#IllegalMining #GoodGovernance #Accountability #Nigeria",2025-10-23T11:36:53.000Z,0,0,0,https://x.com/GGA_Nigeria/status/1981323939763626173
@IndiaNewsUP_UK,"ललितपुर : ललितपुर में अवैध खनन संपदा की लूट,अवैध मोरम कारोबार में माफियाओं के सिंडिकेट, शहर क्षेत्र बिरारी,रजवारा अन्य जगहों पर किए गड्ढे  
#IllegalMining #Lalitpur #uttarpradesh #breakingnews #indianews 
@lalitpurpolice
 @Uppolice",2025-09-28T07:56:27.000Z,0,0,0,https://x.com/IndiaNewsUP_UK/status/1972208771700347097
@GulistanNewsTV,"District Administration Doda Cracks Down on Illegal Mining in Bhalessa, Imposes Heavy Fines.
#Doda #IllegalMining #Bhalessa #AdministrationAction #EnvironmentProtection #JKNews #GulistanNews",2025-10-19T10:35:42.000Z,0,0,0,https://x.com/GulistanNewsTV/status/1979858991942688826
@jkchanneltv,"Poonch Police Seize 08 Vehicles, Apprehend 10 Persons in Illegal Mining Crackdown #PoonchPolice #IllegalMining #MiningCrackdown #JammuAndKashmir",2025-08-16T07:02:44.000Z,0,0,0,https://x.com/jkchanneltv/status/1956612573194772807
@tv9gujarati,"11 Dumpers Seized for Illegal Mineral Transport in Surendranagar | Gujarat | TV9Gujarati
#Surendranagar #IllegalMining #BreakingNews #GujaratNews #HighwayCheck #MiningMafia #IndiaNews #Gujarat #TV9Gujarati",2025-09-18T16:35:52.000Z,0,0,0,https://x.com/tv9gujarati/status/1968715606104146365
@GulistanNewsTV,"Crackdown on Illegal Mining in Budgam: 02 FIRs Registered, 24 Vehicles Seized
#BudgamNews #IllegalMining #PoliceAction #KashmirUpdates #EnvironmentalProtection",2025-09-27T06:24:39.000Z,0,0,0,https://x.com/GulistanNewsTV/status/1971823281138233385
@SachBedhadak,"#Sirohi : अवैध बजरी परिवहन पर सदर थाना पुलिस की कार्रवाई - 
गोयली गांव से जब्त ट्रैक्टर-ट्रॉली, नेताओं की सिफारिश नकारकर खनिज विभाग को भेजी रिपोर्ट।
@SirohiPolice
 @Dmsirohi
#Sirohinews #IllegalMining #Rajasthan #SachBedhadak #Jaipurnews #RajasthanNews",2025-09-30T17:20:14.000Z,0,0,0,https://x.com/SachBedhadak/status/1973075426307170705
@NewsTamilTV24x7,"#BREAKING | தேனி மாவட்டம் பொட்டிபுரம் சுற்றுவட்டாரப் பகுதிகளில் தொடரும் மணல் கொள்ளை..!

#Theni #SandRobbery #SandTheft #IllegalMining #EcoDamage #TamilNews #NewsTamil #NewsTamil24x7",2025-09-19T08:15:23.000Z,0,0,0,https://x.com/NewsTamilTV24x7/status/1968952046868152362
@tv9gujarati,"Surendranagar: Mineral Mafia Clashes with Officials, Seizes Dumpers Back | Gujarat | TV9Gujarati
#Surendranagar #MineralMafia #BreakingNews #CrimeUpdate #IllegalMining #Gujarat #TV9Gujarati",2025-10-09T13:52:08.000Z,0,0,0,https://x.com/tv9gujarati/status/1976284548443852948
@JagranNews,"हापुड़ में खनन माफिया पर कसा शिकंजा, SDM के एक्शन से मचा हड़कंप

#IllegalMining",2025-09-17T07:00:01.000Z,0,0,0,https://x.com/JagranNews/status/1968208304016068889
@News1IndiaTweet,"#Chitrakoot 

जनपद में बारिश थमते ही मंदाकिनी नदी में बालू का अवैध खनन शुरू 

मंदाकिनी किनारे अवैध खनन का वीडियो सोशल मीडिया पर वायरल

वायरल वीडियो पहाड़ी थाना क्षेत्र के लोहदा गांव का बताया जा रहा है

#Chitrakoot #IllegalMining #MandakiniRiver #UPPolice #BreakingNews",2025-10-08T05:24:23.000Z,0,0,0,https://x.com/News1IndiaTweet/status/1975794381492736325
@DMPR_ZA,"Purpose of today’s Mining Industry Briefing Session led by Minister 
@GwedeMantashe1
:
 Tackle Illegal Mining
 Unlock Critical Minerals
 Advance Transformation in the sector

#DMPR | #MiningIndustryEngagement  | #KeyIssues |#IllegalMining | #Transformation |",2025-08-29T09:07:13.000Z,0,0,0,https://x.com/DMPR_ZA/status/1961354944318972123
@1stIndiaNews,"IPS अफसर से लेकर पत्रकार तक… माइनिंग माफिया सबको कुचल रहा है! | IPS Anjana Krishna | Ajit Pawar

#FirstIndiaNews #DSPKrishna #ajitpawar #ipsanjanakrishna #IllegalMining #MiningMafia #maharshtra #paritikkiwal",2025-09-06T14:14:23.000Z,0,0,0,https://x.com/1stIndiaNews/status/1964331348430082227
@RisingKashmir,"Zero #tolerance for #illegalmining: #OmarAbdullah
@OmarAbdullah
 @manojsinha_
@diprjk
 @Surinderch55",2025-10-16T03:41:11.000Z,0,0,0,https://x.com/RisingKashmir/status/1978667513710846255
@NewsTamilTV24x7,"நள்ளிரவில் மணல் கொள்ளை.. விரட்டி சென்ற கோட்டாட்சியர்.. ரியல் சிங்கப்பெண்..!! 

#SandTheft #Pudukkottai #Karambakkudi #MidnightRaid #TamilNews #WomenPower #IllegalMining #TamilNews #Newstamil #NewsTamil24x7",2025-10-02T11:15:56.000Z,0,0,0,https://x.com/NewsTamilTV24x7/status/1973708524183060970
@VtvGujarati,"#Debate #Mahamanthan - ખનન માફિયાઓની હિંમત ખુલી કેમ રહી છે? | VTV Digital
@golanihemant
 

#KhanijMafia #MiningMafia #IllegalMining #Gujarat #LandMafia #Corruption #GujaratPolice #VTVDigital",2025-10-09T14:10:12.000Z,0,0,0,https://x.com/VtvGujarati/status/1976289096369586317
